{"yarn-bombing-autostadt_2026_during-my-exploration-in_a8f5c4": {"x_pct": 0.33198137975501907, "y_pct": 1.2976506885604246}, "rathaus_2025_waiting-in-the-landscape_f3cae3": {"x_pct": -0.17641855764961945, "y_pct": -0.3994583239477452}, "porshestrasse_2023_outside-alvar-aalto-libr_b42198": {"x_pct": -0.5135576942823632, "y_pct": 0.6570617974391308}, "phaeno-building_2026_on-the-day-one-after-get_20803b": {"x_pct": 0.6339353043442162, "y_pct": 1.0771503494908172}, "autostadt_2026_i-was-waiting-for-the-fa_b329f7": {"x_pct": 2.822502936818821, "y_pct": 3.0453577544284585}, "autostadt_2026_waiting-for-my-car-deliv_bfb6d7": {"x_pct": 1.462008190265066, "y_pct": 2.3150841865711813}, "vw-werk_1960_after-my-vw-beetle-deliv_bd8d4a": {"x_pct": -1.0998694450774937, "y_pct": 0.5812307801639633}, "rathaus_1973_shopping-in-the-market-o_1201f8": {"x_pct": 0.49806667519003645, "y_pct": 2.2129640542964384}, "kinderspielpatz-bei-teic_2023_family-picnic-in-the-spi_7eb5f4": {"x_pct": -0.7768234081421764, "y_pct": 1.7279115499781332}, "fallersleben_1990_during-the-crossing-of-e_308d93": {"x_pct": 0.38429076950329055, "y_pct": -1.7124250877967282}, "imperial-kino_1988_on-my-way-to-the-kino-to_ec4cd5": {"x_pct": 1.9410345963019016, "y_pct": 2.869787715554454}, "kinderspielpatz-bei-teic_2020_with-my-lovely-daughter_d5ba6b": {"x_pct": 0.19400007236297806, "y_pct": 1.8944456030851287}, "phaeno-building_2025_exploring-the-beautiful_765845": {"x_pct": 2.1969184937002533, "y_pct": 0.05255038655562636}, "phaeno-building_2026_stitching-memories-test_9fe12f": {"x_pct": 1.1607256166616016, "y_pct": -10.626359564171013}, "phaeno-building_2026_stitching-memories-test_ded189": {"x_pct": -0.16556877352089372, "y_pct": 2.910911035213355}, "phaeno-building_2026_stitching-memories-test_5122d4": {"x_pct": 3.2773288692227593, "y_pct": -0.04637040164704136}, "phaeno-building_2026_stitching-memories-test_47cd43": {"x_pct": 0.5151613205532355, "y_pct": -0.9646462537687254}, "phaeno-building_2026_stitching-memories-test_3482cf": {"x_pct": -1.0309701195117777, "y_pct": 3.0039029570984748}, "phaeno-building_2026_stitching-memories-test_ab345f": {"x_pct": -0.4574994865644279, "y_pct": 1.3515649516211765}, "phaeno-building_2026_stitching-memories-test_5578bd": {"x_pct": 1.348968391608104, "y_pct": -0.05805305082227652}, "phaeno-building_2026_stitch-test-02_03e27b": {"x_pct": 2.54957841903373, "y_pct": 2.398664109551754}, "phaeno-building_2026_testing-stitch_d0f88e": {"x_pct": -0.07182648599039826, "y_pct": 2.267729330831068}, "phaeno-building_test_f88bd4": {"x_pct": -1.1557862195851656, "y_pct": 2.497076058819427}, "brauhausgasse-weimar_2026_capturing-the-activities_ea2365": {"x_pct": 3.096897727630478, "y_pct": -0.6297752503480338}, "falkenburg-weimar_2025_my-first-day-in-weimar-w_49dcba": {"x_pct": -0.3549359377804953, "y_pct": 0.06406930038273102}, "frauenplan-weimar_2026_chill-evening-in-frauenp_9296e2": {"x_pct": 1.4166229461894788, "y_pct": -2.8726088661626052}, "frauentorstra-e-weimar_2026_a-chill-walk-to-frauenpl_79ec75": {"x_pct": 0.6171858121775918, "y_pct": 6.079774488245821}, "stadtschloss-weimar_2026_waiting-for-my-friend-in_060c5e": {"x_pct": 1.7644172350677068, "y_pct": 0.8654701226712713}, "ilm-park-weimar_2026_waiting-for-my-friend-at_d62002": {"x_pct": 0.3006144961264975, "y_pct": 0.8085069532701896}, "dwawd_2025_wefsefew_b4156c": {"x_pct": 1.9898042868953711, "y_pct": 3.1507461694468955}, "jhshsh_2026_hshshshs_0a806b": {"x_pct": -0.9812454787008681, "y_pct": 2.234474763734956}, "hshensj_2026_neneksk_c1bfba": {"x_pct": -0.2025267388216031, "y_pct": 0.5814258172739215}, "hshensj_2026_neneksk_284bed": {"x_pct": -1.0337581464423506, "y_pct": -0.6416845391510205}, "auto-stadt-park_1945_waiting-park-for-autosta_27b24e": {"x_pct": 0.20153471686268787, "y_pct": 3.8030050916418037}, "auto-stadt-park_1945_waiting-park-for-autosta_9f9284": {"x_pct": 0.8756976108852141, "y_pct": -0.425614286561235}, "stadtmitte_2026_walk-during-lunch-break_2e94b7": {"x_pct": 0.5791971810492338, "y_pct": -0.23791342811739508}, "stadtmitte_2026_walk-during-lunch-break_bd4199": {"x_pct": 0.6758001402781232, "y_pct": 0.3924496701215559}}